{"cameraMode":{"drawMode":0,"name":"Shaded","section":"Shading Mode"},"sceneLighting":false,"audioPlay":false,"sceneViewState":{"showFog":true,"showMaterialUpdate":false,"showSkybox":false,"showFlares":true,"showImageEffects":true,"showParticleSystems":true},"in2DMode":false,"pivot":{"x":14.067503929138184,"y":-1.943878173828125,"z":28.035221099853517},"rotation":{"x":0.02057492919266224,"y":-0.9497573971748352,"z":0.3056982755661011,"w":0.06392331421375275},"size":62.99801254272461,"orthographic":false}