{"cameraMode":{"drawMode":0,"name":"Shaded","section":"Shading Mode"},"sceneLighting":false,"audioPlay":false,"sceneViewState":{"showFog":true,"showMaterialUpdate":false,"showSkybox":false,"showFlares":true,"showImageEffects":true,"showParticleSystems":true},"in2DMode":false,"pivot":{"x":-1.2087360620498658,"y":-0.9530928134918213,"z":0.5576667785644531},"rotation":{"x":-0.058327820152044299,"y":0.9375959038734436,"z":-0.2832649350166321,"w":-0.19306184351444245},"size":5.75980281829834,"orthographic":false}