{"cameraMode":{"drawMode":0,"name":"Shaded","section":"Shading Mode"},"sceneLighting":false,"audioPlay":false,"sceneViewState":{"showFog":true,"showMaterialUpdate":false,"showSkybox":false,"showFlares":true,"showImageEffects":true,"showParticleSystems":true},"in2DMode":false,"pivot":{"x":0.40377044677734377,"y":-0.6312427520751953,"z":29.14199447631836},"rotation":{"x":0.18942466378211976,"y":-0.19247104227542878,"z":0.037894412875175479,"w":0.9621004462242127},"size":92.24371337890625,"orthographic":false}