{"cameraMode":{"drawMode":0,"name":"Shaded","section":"Shading Mode"},"sceneLighting":false,"audioPlay":false,"sceneViewState":{"showFog":true,"showMaterialUpdate":false,"showSkybox":false,"showFlares":true,"showImageEffects":true,"showParticleSystems":true},"in2DMode":false,"pivot":{"x":-0.021303653717041017,"y":-5.596213340759277,"z":34.04770278930664},"rotation":{"x":0.12644028663635255,"y":-0.7051138877868652,"z":0.1300574690103531,"w":0.6855015158653259},"size":77.11576843261719,"orthographic":false}