{"cameraMode":{"drawMode":0,"name":"Shaded","section":"Shading Mode"},"sceneLighting":false,"audioPlay":false,"sceneViewState":{"showFog":true,"showMaterialUpdate":false,"showSkybox":false,"showFlares":true,"showImageEffects":true,"showParticleSystems":true},"in2DMode":false,"pivot":{"x":-0.7001266479492188,"y":-1.5358071327209473,"z":0.7362672090530396},"rotation":{"x":-0.20333242416381837,"y":0.7305507063865662,"z":-0.24607525765895844,"w":-0.6036543250083923},"size":7.774749755859375,"orthographic":false}