{"cameraMode":{"drawMode":0,"name":"Shaded","section":"Shading Mode"},"sceneLighting":false,"audioPlay":false,"sceneViewState":{"showFog":true,"showMaterialUpdate":false,"showSkybox":true,"showFlares":true,"showImageEffects":true,"showParticleSystems":true},"in2DMode":false,"pivot":{"x":1589.98291015625,"y":-2195.84326171875,"z":8143.48291015625},"rotation":{"x":-0.22098028659820558,"y":0.025751158595085145,"z":-0.005836678668856621,"w":-0.9749208092689514},"size":7945.734375,"orthographic":false}