{"cameraMode":{"drawMode":0,"name":"Shaded","section":"Shading Mode"},"sceneLighting":true,"audioPlay":false,"sceneViewState":{"showFog":true,"showMaterialUpdate":false,"showSkybox":true,"showFlares":true,"showImageEffects":true,"showParticleSystems":true},"in2DMode":false,"pivot":{"x":683.0196533203125,"y":477.74578857421877,"z":1344.31640625},"rotation":{"x":0.08334259688854218,"y":0.7175659537315369,"z":-0.0871812179684639,"w":0.6859683990478516},"size":957.9616088867188,"orthographic":false}