{"cameraMode":{"drawMode":0,"name":"Shaded","section":"Shading Mode"},"sceneLighting":true,"audioPlay":false,"sceneViewState":{"showFog":true,"showMaterialUpdate":false,"showSkybox":true,"showFlares":true,"showImageEffects":true,"showParticleSystems":true},"in2DMode":false,"pivot":{"x":1739.5577392578125,"y":223.16004943847657,"z":1611.3365478515625},"rotation":{"x":0.17198754847049714,"y":0.569848895072937,"z":-0.12343242019414902,"w":0.794013261795044},"size":315.3604736328125,"orthographic":false}